genus_name,mean,n,max,min,median,sd
ACER,10.60665991902842,36062,317,0,8,8.763226904222089
